年月,降水量(mm),日の平均気温(℃),日の最高気温(℃),日の最低気温(℃),最高気温(℃),最低気温(℃)
1980/1,116.5,16.3,18.6,14.2,25.1,10.3
1980/2,107.5,15.1,17.8,13.0,23.3,10.0
1980/3,105.5,19.1,21.9,16.6,26.2,13.1
1980/4,525.0,20.5,22.8,18.3,26.2,13.8
1980/5,97.0,23.9,26.5,21.6,30.0,17.0
1980/6,20.0,27.6,30.4,25.5,32.3,22.1
1980/7,101.5,28.7,31.3,26.8,32.8,25.0
1980/8,89.5,28.8,31.7,26.4,34.0,24.1
1980/9,154.0,27.3,29.9,25.1,32.2,21.3
1980/10,203.0,24.2,27.0,21.8,30.1,16.4
1980/11,197.5,21.8,24.3,19.4,27.7,15.0
1980/12,38.0,16.8,19.1,14.5,25.0,11.0
1981/1,52.0,15.0,17.4,12.8,22.3,9.9
1981/2,66.5,16.3,19.0,13.9,24.9,8.8
1981/3,376.0,18.9,21.8,16.3,25.7,12.2
1981/4,93.0,21.6,24.4,19.0,27.9,15.3
1981/5,198.0,22.6,25.4,20.3,28.9,16.6
1981/6,43.0,26.1,28.7,24.2,32.3,18.7
1981/7,167.5,28.1,31.1,25.8,33.4,23.3
1981/8,181.0,28.6,31.3,26.5,33.1,24.2
1981/9,62.0,26.8,29.3,24.9,31.7,23.3
1981/10,137.5,24.5,27.2,22.2,30.6,17.1
1981/11,71.0,21.1,23.9,18.6,28.2,15.6
1981/12,76.5,17.3,19.9,14.8,23.3,12.2
1982/1,68.0,15.6,18.4,13.1,24.1,9.7
1982/2,140.0,16.9,19.5,14.6,23.2,11.0
1982/3,98.0,19.8,22.4,17.6,26.3,11.4
1982/4,123.5,20.2,22.9,17.7,25.5,14.2
1982/5,268.5,24.7,27.2,22.4,30.1,17.8
1982/6,269.0,25.5,27.9,23.5,30.4,18.3
1982/7,86.0,28.6,31.2,26.8,33.0,21.2
1982/8,195.5,28.0,30.8,25.8,32.6,23.3
1982/9,299.5,26.7,29.4,24.6,31.8,21.0
1982/10,49.0,24.2,26.9,21.9,29.3,17.7
1982/11,199.0,22.5,25.2,20.1,27.6,15.7
1982/12,180.5,18.1,20.7,15.5,25.0,12.4
1983/1,163.5,17.1,19.5,14.7,23.4,10.9
1983/2,176.5,15.9,18.1,13.9,23.9,10.4
1983/3,420.0,18.4,21.1,15.9,25.9,10.7
1983/4,143.5,23.0,25.6,20.9,29.4,14.0
1983/5,261.5,24.3,26.9,22.2,29.8,18.3
1983/6,161.0,26.3,28.7,24.2,30.7,19.7
1983/7,220.0,28.7,31.3,26.8,33.2,22.5
1983/8,288.5,28.6,31.3,26.4,33.3,24.9
1983/9,384.5,28.2,30.9,25.8,32.3,24.2
1983/10,25.5,26.2,29.0,24.1,31.0,20.6
1983/11,5.0,21.0,23.5,18.7,27.7,15.3
1983/12,44.5,17.0,19.5,14.6,24.4,10.8
1984/1,111.5,15.2,17.8,12.8,22.8,10.0
1984/2,42.0,15.6,18.1,13.3,24.4,8.7
1984/3,205.5,17.5,20.0,14.9,25.4,9.3
1984/4,145.0,20.7,23.1,18.5,26.7,14.5
1984/5,215.5,23.2,25.8,21.0,27.8,18.5
1984/6,97.5,27.0,29.5,25.3,31.7,22.9
1984/7,97.5,28.5,31.2,26.5,32.7,24.3
1984/8,403.0,28.2,30.8,26.2,32.6,24.8
1984/9,96.5,27.3,30.4,25.1,31.4,23.0
1984/10,84.0,24.3,26.9,22.0,30.6,16.8
1984/11,119.0,22.3,25.0,20.2,29.3,16.6
1984/12,71.0,18.3,20.6,16.0,25.1,11.2
1985/1,46.0,16.2,18.8,13.8,22.8,9.4
1985/2,281.0,17.3,19.5,15.0,23.9,11.0
1985/3,64.0,19.4,22.1,17.1,26.0,12.9
1985/4,152.5,20.2,22.8,17.6,25.5,12.6
1985/5,152.0,24.6,27.4,22.5,29.9,19.8
1985/6,181.0,25.9,28.2,24.1,31.1,21.1
1985/7,107.5,28.0,30.9,25.9,32.2,24.0
1985/8,479.5,27.5,30.0,25.7,32.5,23.7
1985/9,140.0,27.3,30.2,25.1,31.5,22.9
1985/10,90.0,25.4,27.9,23.3,30.5,20.3
1985/11,91.0,20.5,23.4,17.8,27.1,14.3
1985/12,221.0,17.7,20.0,15.4,25.8,11.1
1986/1,105.0,15.0,17.8,12.4,22.7,8.6
1986/2,65.5,14.6,16.9,12.6,22.2,9.9
1986/3,227.5,17.1,19.8,14.5,23.7,8.8
1986/4,101.5,21.3,24.1,19.0,27.6,14.2
1986/5,137.5,23.4,26.1,21.0,29.6,15.2
1986/6,120.5,26.5,29.0,24.5,31.7,20.8
1986/7,51.5,28.8,31.7,26.5,33.2,24.9
1986/8,233.0,28.3,31.3,25.9,32.6,24.4
1986/9,350.0,27.3,30.0,25.3,32.3,22.6
1986/10,51.0,23.8,26.4,21.5,28.5,19.3
1986/11,120.5,21.4,23.7,19.3,27.9,16.1
1986/12,15.5,18.4,21.0,16.0,24.4,12.7
1987/1,157.0,16.1,18.9,13.4,22.8,9.3
1987/2,64.5,16.6,19.3,13.9,24.8,7.1
1987/3,135.5,19.3,22.2,16.8,25.9,11.7
1987/4,84.0,21.8,24.6,19.6,28.8,14.2
1987/5,287.0,24.4,27.1,22.4,30.6,19.3
1987/6,430.5,25.9,28.5,23.6,31.1,20.5
1987/7,42.5,28.7,31.7,26.6,32.9,24.8
1987/8,402.5,28.7,31.7,26.4,33.6,24.1
1987/9,62.5,27.2,29.9,25.2,32.5,21.9
1987/10,162.0,26.1,28.7,24.0,30.9,21.3
1987/11,174.0,23.1,25.6,21.2,30.5,16.4
1987/12,107.0,18.7,21.3,16.3,26.4,12.6
1988/1,195.5,18.5,21.1,16.1,26.8,12.0
1988/2,169.0,17.6,20.2,15.3,25.4,9.1
1988/3,175.0,19.2,21.4,17.2,26.8,12.0
1988/4,343.5,20.6,23.2,18.2,25.7,14.4
1988/5,476.0,23.6,26.0,21.7,28.6,19.5
1988/6,162.5,27.4,30.1,25.3,31.7,19.3
1988/7,21.0,29.7,32.7,27.7,34.7,26.5
1988/8,343.0,28.3,30.9,25.9,32.6,23.1
1988/9,91.0,27.7,30.4,25.3,31.8,23.6
1988/10,275.0,25.0,27.4,23.2,30.4,19.0
1988/11,49.5,20.1,22.6,17.9,26.3,14.2
1988/12,1.0,17.9,20.6,15.5,23.6,11.9
1989/1,137.0,17.8,20.2,15.6,24.4,10.5
1989/2,19.5,17.7,20.6,15.1,25.1,10.8
1989/3,91.5,17.8,20.4,15.4,24.9,10.0
1989/4,187.5,21.3,23.8,19.2,26.8,16.1
1989/5,299.0,23.7,26.5,21.4,30.1,16.0
1989/6,159.0,26.6,29.5,24.5,32.0,17.6
1989/7,77.5,28.6,31.5,26.3,33.9,23.8
1989/8,343.5,28.1,30.9,25.9,32.4,22.8
1989/9,147.0,27.5,30.3,25.3,32.2,22.2
1989/10,7.0,24.4,27.5,22.2,30.6,19.0
1989/11,138.5,21.3,23.9,19.5,28.6,15.1
1989/12,78.0,17.9,20.4,15.8,22.9,13.1
1990/1,126.0,16.5,19.0,14.2,22.7,11.0
1990/2,201.0,18.5,21.1,16.3,26.1,11.8
1990/3,60.5,19.0,21.7,16.5,25.5,11.3
1990/4,357.0,20.2,22.9,17.9,26.7,13.0
1990/5,209.0,23.8,26.4,21.6,29.5,19.0
1990/6,310.0,27.2,29.9,25.1,32.5,22.1
1990/7,34.5,29.3,32.4,27.1,33.7,25.9
1990/8,164.0,29.0,31.6,26.9,33.1,25.0
1990/9,159.0,27.4,30.1,25.6,32.8,23.9
1990/10,197.5,24.2,26.7,22.4,30.0,19.7
1990/11,140.0,22.4,25.1,20.3,28.4,17.3
1990/12,70.0,18.9,21.5,16.6,26.6,12.1
1991/1,111.0,17.3,19.6,15.3,23.6,11.8
1991/2,83.0,16.4,18.9,14.0,24.7,10.0
1991/3,142.0,20.5,23.2,18.4,27.2,14.9
1991/4,124.0,22.1,24.6,20.0,28.6,13.9
1991/5,12.5,24.6,27.4,22.5,31.1,16.2
1991/6,43.5,28.8,32.1,26.6,33.6,25.1
1991/7,354.0,29.5,32.7,27.5,34.9,24.8
1991/8,62.5,28.9,31.6,27.0,33.2,25.7
1991/9,484.0,27.9,30.5,25.8,32.9,22.1
1991/10,118.5,24.4,26.6,22.5,30.5,17.9
1991/11,45.0,21.0,23.3,18.9,27.0,16.2
1991/12,31.5,19.3,22.1,16.8,26.0,11.6
1992/1,138.5,17.2,19.6,14.9,23.6,10.7
1992/2,259.0,16.0,18.4,13.7,25.0,10.6
1992/3,268.0,20.8,23.4,18.7,26.6,14.0
1992/4,244.5,21.6,24.3,19.0,28.0,13.0
1992/5,114.5,23.7,26.3,21.3,29.0,16.2
1992/6,292.0,26.0,28.7,23.9,31.8,20.7
1992/7,67.5,28.2,31.2,26.0,32.7,23.9
1992/8,442.5,28.6,31.2,26.6,33.1,24.0
1992/9,127.0,27.4,30.1,25.4,31.4,23.9
1992/10,227.0,24.6,27.3,22.6,31.0,19.0
1992/11,126.5,21.3,23.9,18.8,27.0,13.3
1992/12,95.5,19.1,21.4,16.8,24.8,12.3
1993/1,100.0,17.4,19.9,15.4,25.4,9.0
1993/2,72.5,17.0,20.0,14.5,23.9,11.6
1993/3,82.0,18.3,20.8,16.1,26.2,12.0
1993/4,55.5,20.7,23.3,18.2,28.8,12.5
1993/5,258.0,24.6,27.4,22.3,30.3,16.9
1993/6,113.0,27.0,29.8,24.8,32.5,19.2
1993/7,171.5,29.1,31.9,26.9,33.0,24.7
1993/8,41.0,28.9,31.7,26.8,33.1,25.1
1993/9,185.5,27.5,30.4,25.5,32.5,23.4
1993/10,83.5,24.9,27.6,23.1,30.5,19.4
1993/11,143.0,22.8,25.2,21.0,28.5,17.1
1993/12,25.0,18.8,21.1,16.7,27.8,12.7
1994/1,115.0,17.3,20.0,14.7,24.3,12.0
1994/2,111.0,17.1,19.8,14.8,23.6,10.3
1994/3,156.5,17.1,19.8,14.5,24.5,11.2
1994/4,44.5,22.4,25.3,20.4,28.3,16.6
1994/5,391.0,23.4,26.0,20.9,29.2,16.2
1994/6,139.0,26.9,29.5,25.0,32.0,20.3
1994/7,96.0,29.4,32.4,27.3,33.7,25.0
1994/8,133.5,28.7,31.3,26.5,32.8,23.2
1994/9,55.5,26.8,29.4,24.8,32.0,22.8
1994/10,200.5,24.4,27.1,22.3,30.1,20.2
1994/11,64.5,22.5,25.2,20.3,27.7,17.6
1994/12,63.0,20.2,22.8,18.1,26.2,14.2
1995/1,64.0,16.4,18.9,14.1,24.8,10.3
1995/2,83.0,15.7,17.9,13.6,22.5,9.4
1995/3,332.5,17.6,20.3,15.1,25.3,9.1
1995/4,49.0,22.1,24.7,19.8,29.0,13.1
1995/5,206.5,23.3,25.9,21.1,30.5,17.4
1995/6,269.5,26.3,28.6,24.6,31.1,22.1
1995/7,96.5,28.5,31.2,26.7,33.3,25.0
1995/8,130.0,29.0,32.2,26.6,33.3,24.6
1995/9,227.0,27.8,30.3,25.8,32.9,22.1
1995/10,128.5,26.1,28.9,24.0,31.4,21.4
1995/11,148.5,21.0,23.5,18.8,28.1,12.9
1995/12,28.0,17.8,20.1,15.8,24.3,12.9
1996/1,58.0,17.1,19.9,14.6,24.6,11.3
1996/2,123.0,16.3,19.1,13.8,24.6,8.5
1996/3,231.0,19.0,21.7,16.3,26.6,11.6
1996/4,183.0,19.5,22.2,16.9,26.5,13.6
1996/5,394.0,22.4,24.9,20.5,26.9,18.5
1996/6,103.0,27.5,30.1,25.5,32.3,20.9
1996/7,43.0,29.4,32.2,27.2,33.9,25.2
1996/8,294.0,28.1,30.9,26.1,33.3,24.8
1996/9,237.0,27.9,30.6,26.0,33.2,23.8
1996/10,121.0,24.6,27.2,22.5,29.7,19.8
1996/11,39.5,23.2,25.5,21.2,29.2,16.4
1996/12,60.0,18.1,21.0,15.0,24.0,12.0
1997/1,97.0,16.5,19.0,14.0,24.0,11.4
1997/2,106.0,17.1,19.7,14.8,24.6,9.3
1997/3,80.5,19.9,22.6,17.3,25.5,12.9
1997/4,235.5,22.0,24.7,19.7,28.9,15.7
1997/5,214.0,24.6,27.2,22.5,29.7,18.1
1997/6,334.5,26.1,28.6,24.1,30.9,20.1
1997/7,25.5,28.4,31.2,26.4,32.6,24.4
1997/8,462.0,27.8,30.4,26.1,32.8,24.2
1997/9,103.5,26.8,29.3,24.7,32.1,19.5
1997/10,77.0,24.3,26.7,22.3,29.0,18.5
1997/11,161.5,22.6,25.2,20.3,28.3,17.5
1997/12,121.0,19.7,22.2,17.2,26.1,14.0
1998/1,167.5,18.7,21.2,16.2,25.9,10.9
1998/2,335.5,18.5,20.9,16.4,25.5,12.0
1998/3,166.5,20.2,23.0,17.8,28.1,13.1
1998/4,226.5,23.5,26.3,21.3,29.1,15.9
1998/5,286.5,26.1,28.9,24.1,30.6,21.5
1998/6,379.5,27.4,29.8,25.7,32.7,21.2
1998/7,334.5,29.5,32.0,27.3,33.4,24.1
1998/8,131.0,30.1,32.8,27.9,34.7,25.8
1998/9,268.5,28.4,31.0,26.4,32.7,24.9
1998/10,689.0,26.7,29.2,24.7,31.5,22.7
1998/11,164.0,23.0,25.4,20.9,29.6,17.4
1998/12,173.0,20.2,22.6,18.0,26.4,14.7
1999/1,114.0,18.0,20.3,15.8,23.6,13.3
1999/2,48.0,17.4,20.3,14.5,25.7,10.1
1999/3,195.0,20.9,23.7,18.7,28.2,14.5
1999/4,160.5,21.7,24.3,19.5,27.0,15.7
1999/5,172.5,23.7,26.3,21.3,29.4,18.2
1999/6,123.5,27.5,29.8,25.7,32.1,23.5
1999/7,237.0,28.3,30.8,26.4,33.1,24.3
1999/8,211.0,28.4,30.8,26.5,32.1,23.9
1999/9,693.5,28.2,31.0,26.0,33.3,23.2
1999/10,67.5,26.3,29.0,24.1,32.0,19.7
1999/11,66.5,22.6,25.3,20.4,28.0,16.5
1999/12,158.5,18.4,20.8,16.4,26.6,10.4
2000/1,87.0,17.9,20.4,15.7,24.7,10.3
2000/2,149.0,16.2,18.4,14.3,23.9,11.2
2000/3,118.5,18.6,21.2,16.6,25.2,13.0
2000/4,394.0,20.7,23.4,18.1,26.3,14.6
2000/5,66.5,23.1,25.9,20.9,29.3,17.2
2000/6,186.5,27.2,30.0,25.1,33.5,20.1
2000/7,367.5,28.0,30.8,25.8,32.5,23.4
2000/8,279.5,27.9,30.4,25.8,32.3,22.1
2000/9,317.0,26.3,28.9,24.1,32.3,20.4
2000/10,95.0,26.2,29.0,24.1,30.8,21.9
2000/11,292.5,23.4,25.8,21.6,29.8,17.3
2000/12,260.0,19.9,22.5,17.6,26.1,13.9
2001/1,118.5,17.7,20.3,15.0,24.4,10.8
2001/2,37.5,18.7,21.3,16.2,25.7,12.5
2001/3,96.0,18.3,21.3,15.6,26.2,10.1
2001/4,235.5,21.2,24.0,18.8,29.2,13.4
2001/5,478.5,23.5,26.0,21.7,28.9,18.7
2001/6,151.5,27.8,30.5,25.6,34.1,20.4
2001/7,50.5,29.9,33.0,27.6,34.4,26.3
2001/8,200.0,29.6,32.7,27.0,35.6,24.6
2001/9,1095.5,27.5,30.2,25.3,33.3,22.8
2001/10,55.0,25.6,28.0,23.5,29.6,21.6
2001/11,3.5,21.8,24.5,19.6,28.7,15.0
2001/12,122.0,19.2,21.5,17.2,26.3,11.3
2002/1,39.0,17.1,19.3,14.9,23.9,10.8
2002/2,52.5,17.4,20.3,14.7,25.3,10.0
2002/3,93.0,19.6,22.6,17.0,26.6,13.4
2002/4,61.5,22.4,25.5,19.9,29.1,13.7
2002/5,125.0,25.1,28.2,22.8,31.0,20.4
2002/6,290.5,27.0,29.4,25.1,33.3,21.9
2002/7,445.0,28.2,30.9,26.3,32.4,23.7
2002/8,21.5,28.7,31.4,26.7,32.7,24.7
2002/9,511.0,27.5,30.4,25.2,32.4,22.2
2002/10,201.0,24.7,27.2,22.7,31.0,19.5
2002/11,28.5,21.1,23.4,18.9,26.7,14.1
2002/12,158.5,19.4,21.8,17.2,26.3,12.5
2003/1,60.5,15.7,18.4,13.1,22.8,9.5
2003/2,27.0,18.1,20.8,15.7,24.9,12.2
2003/3,70.0,18.4,21.3,16.0,26.3,12.7
2003/4,112.5,22.6,25.3,20.7,29.1,16.0
2003/5,130.5,24.4,27.4,22.3,29.8,19.5
2003/6,222.0,26.6,29.2,24.7,32.1,21.1
2003/7,13.5,29.9,33.1,27.8,34.8,25.1
2003/8,245.0,29.6,32.6,27.4,35.5,25.4
2003/9,219.0,28.5,31.0,26.3,32.9,24.6
2003/10,177.5,24.7,27.4,22.2,30.3,18.2
2003/11,120.0,23.8,26.1,21.9,29.7,16.8
2003/12,60.0,18.7,21.3,16.1,25.7,12.8
2004/1,140.0,16.8,19.4,14.3,24.4,9.9
2004/2,100.0,17.1,20.0,14.3,25.0,11.8
2004/3,106.0,19.2,21.9,17.0,25.5,10.2
2004/4,64.0,21.9,25.0,19.0,28.2,13.4
2004/5,105.0,25.5,28.4,23.1,31.6,18.3
2004/6,393.5,26.7,29.5,24.7,32.1,21.7
2004/7,192.5,28.8,31.8,26.8,33.9,23.8
2004/8,160.0,29.0,31.6,27.1,33.4,24.6
2004/9,375.0,27.6,30.4,25.5,32.8,23.4
2004/10,151.5,24.9,27.1,23.0,29.8,20.7
2004/11,68.5,22.6,25.4,20.3,28.9,16.6
2004/12,70.0,20.2,22.8,17.9,27.0,12.8
2005/1,69.5,16.6,19.1,14.2,23.5,10.8
2005/2,172.0,17.9,20.4,15.8,25.3,11.5
2005/3,169.5,17.2,20.2,14.3,26.2,9.0
2005/4,98.5,21.5,24.4,18.9,28.6,13.8
2005/5,175.5,24.2,26.8,22.2,29.5,20.0
2005/6,860.5,26.6,29.0,24.7,31.7,22.0
2005/7,6.5,29.2,32.1,27.4,33.9,25.0
2005/8,112.0,29.0,32.1,26.7,34.6,23.8
2005/9,64.0,28.2,31.0,26.1,32.8,23.8
2005/10,60.0,26.2,29.3,24.1,32.1,18.6
2005/11,48.0,22.8,25.4,20.7,29.1,16.7
2005/12,111.5,17.2,19.4,14.9,26.1,10.0
2006/1,191.5,18.1,20.5,15.9,25.4,10.2
2006/2,101.5,17.9,20.4,15.8,25.3,11.4
2006/3,113.0,18.4,21.4,15.6,24.8,11.6
2006/4,305.0,21.2,23.9,18.7,27.9,15.1
2006/5,333.5,24.8,27.6,22.6,30.9,18.9
2006/6,333.5,26.8,29.4,24.7,33.2,20.1
2006/7,114.0,29.1,32.0,27.1,35.0,24.7
2006/8,0.0,29.2,32.0,27.0,33.4,23.7
2006/9,135.5,27.8,30.4,25.2,32.9,20.6
2006/10,39.0,26.1,28.9,24.0,32.0,22.0
2006/11,116.5,22.9,25.6,20.5,28.0,17.6
2006/12,143.0,19.7,22.0,17.7,26.0,14.4
2007/1,184.5,17.8,20.3,15.3,23.8,10.9
2007/2,67.5,18.2,21.2,15.2,24.9,11.4
2007/3,116.5,19.6,22.4,17.6,27.3,13.4
2007/4,225.0,20.7,23.5,18.4,27.3,13.9
2007/5,101.5,23.8,26.7,21.3,30.4,17.4
2007/6,472.0,26.7,29.3,24.8,31.8,22.0
2007/7,229.0,29.6,32.5,27.6,34.5,25.4
2007/8,594.0,28.8,31.5,26.5,33.5,24.5
2007/9,440.5,28.2,31.1,26.1,32.2,23.8
2007/10,78.0,26.6,29.2,24.6,31.9,21.7
2007/11,104.0,22.2,24.5,20.1,29.8,17.3
2007/12,204.0,19.9,22.5,17.2,26.6,13.3
2008/1,70.0,18.5,20.7,16.5,25.9,12.9
2008/2,123.0,16.1,18.7,13.9,24.7,10.7
2008/3,245.5,18.7,21.6,16.1,25.9,10.7
2008/4,69.0,21.4,24.5,19.0,28.3,15.0
2008/5,118.5,24.1,27.1,21.8,30.7,16.9
2008/6,152.5,27.6,30.3,25.8,32.9,23.6
2008/7,82.5,29.4,32.3,27.3,33.8,24.8
2008/8,139.5,29.0,31.9,26.8,33.6,24.6
2008/9,267.5,28.2,31.0,25.9,32.7,23.5
2008/10,214.5,26.4,29.2,24.1,31.4,18.7
2008/11,119.0,22.5,25.1,20.1,30.8,14.4
2008/12,19.5,18.7,21.8,16.0,24.9,13.4
2009/1,32.5,16.7,19.4,14.2,24.8,9.3
2009/2,37.0,19.9,23.0,17.6,26.6,14.2
2009/3,165.5,19.6,22.5,17.1,26.4,12.2
2009/4,132.5,20.5,23.3,18.2,26.1,14.6
2009/5,185.0,23.7,26.7,21.3,30.3,18.1
2009/6,402.0,26.4,29.3,24.2,31.6,19.4
2009/7,62.0,29.2,32.2,26.8,34.1,21.0
2009/8,98.0,29.5,32.7,27.3,34.4,25.6
2009/9,23.0,29.0,32.2,26.9,34.6,24.3
2009/10,356.0,25.3,28.0,23.4,32.8,20.1
2009/11,145.5,22.7,25.4,20.7,29.0,17.5
2009/12,225.5,18.3,20.9,16.0,25.6,11.8
2010/1,90.0,16.8,19.7,14.1,24.4,9.1
2010/2,276.5,18.3,20.8,16.0,26.1,12.0
2010/3,41.5,19.9,23.2,17.3,27.3,9.7
2010/4,219.0,21.2,24.0,18.7,28.6,15.1
2010/5,574.5,23.8,26.2,21.7,30.0,16.5
2010/6,220.5,26.7,29.3,24.8,32.0,20.9
2010/7,348.5,28.7,31.2,26.6,33.2,24.3
2010/8,281.5,28.9,31.6,26.7,32.9,24.3
2010/9,193.0,28.0,31.1,25.7,32.6,23.4
2010/10,368.0,25.7,28.3,23.4,31.8,19.6
2010/11,194.0,21.4,23.6,19.3,26.3,16.3
2010/12,88.5,18.1,20.9,15.3,26.9,10.3
2011/1,97.0,14.9,17.0,12.7,22.6,9.3
2011/2,121.5,17.6,20.6,14.9,24.9,8.7
2011/3,40.0,0.0,0.0,0.0,0.0,0.0
2011/4,90.0,20.4,23.4,17.6,26.3,13.8
2011/5,299.5,23.9,26.4,21.9,30.3,16.3
2011/6,223.5,27.9,30.7,26.0,32.7,21.1
2011/7,111.0,28.9,31.8,26.8,32.9,25.1
2011/8,471.5,28.3,31.2,26.4,32.9,24.5
2011/9,71.5,27.9,30.7,25.8,32.5,23.7
2011/10,212.0,25.2,27.8,23.3,30.6,20.5
2011/11,314.0,23.7,25.8,21.9,29.7,17.3
2011/12,70.5,18.6,20.7,16.5,25.4,13.3
2012/1,119.0,17.0,19.0,15.3,23.6,11.6
2012/2,109.5,17.5,19.9,15.4,25.0,11.9
2012/3,81.0,19.6,22.5,17.1,26.7,12.5
2012/4,356.5,21.7,24.5,19.1,28.3,14.4
2012/5,229.5,24.4,27.0,22.3,29.0,19.4
2012/6,372.0,26.9,29.4,25.3,31.6,22.9
2012/7,96.0,29.1,31.8,27.1,33.3,24.2
2012/8,674.0,28.5,31.2,26.4,32.9,25.1
2012/9,271.5,27.2,30.1,25.0,32.1,22.7
2012/10,96.5,24.6,27.3,22.6,29.4,19.1
2012/11,214.5,21.0,23.5,18.6,26.8,16.3
2012/12,113.0,18.5,21.0,16.4,25.7,12.4
2013/1,100.0,17.0,19.7,14.3,23.8,10.7
2013/2,75.0,18.6,21.4,16.2,25.2,12.2
2013/3,140.5,20.4,23.2,18.0,27.8,14.0
2013/4,202.5,20.6,23.3,18.1,27.5,13.1
2013/5,602.5,23.7,26.3,22.0,30.5,17.7
2013/6,105.0,27.9,30.6,26.2,32.4,22.8
2013/7,4.5,29.4,32.9,27.4,34.7,25.7
2013/8,212.0,29.6,32.9,27.5,34.8,25.0
2013/9,178.0,28.3,31.1,26.0,33.6,23.4
2013/10,200.0,25.3,27.7,23.5,30.8,19.9
2013/11,121.0,21.3,23.8,19.1,28.5,13.9
2013/12,130.0,17.3,19.6,15.0,23.6,10.3
2014/1,66.0,16.8,19.8,14.1,23.5,10.6
2014/2,227.0,17.9,20.4,15.7,24.1,11.7
2014/3,185.0,18.4,21.2,16.0,26.1,12.0
2014/4,100.5,20.9,23.6,18.7,27.2,14.0
2014/5,354.5,23.6,26.3,21.2,30.1,17.3
2014/6,397.5,26.9,29.4,24.9,32.5,20.4
2014/7,494.0,29.3,32.1,27.2,33.9,23.8
2014/8,229.0,28.7,31.5,26.6,33.1,23.9
2014/9,95.5,28.8,31.6,26.6,33.3,25.0
2014/10,269.0,25.4,28.1,23.4,32.0,20.7
2014/11,49.5,22.6,25.1,20.6,28.4,17.4
2014/12,117.0,17.6,20.1,15.3,24.6,12.0
2015/1,22.0,16.6,19.1,14.3,23.5,9.8
2015/2,47.0,16.8,19.5,14.4,25.0,9.6
2015/3,95.5,19.0,21.8,16.8,25.5,11.4
2015/4,100.0,22.2,24.9,20.1,28.8,16.7
2015/5,197.5,24.9,27.7,22.9,30.5,18.8
2015/6,38.0,28.7,31.3,26.9,32.5,24.4
2015/7,369.0,29.0,31.6,27.0,33.8,23.8
2015/8,278.0,28.7,31.3,26.6,32.8,24.9
2015/9,46.5,27.8,30.4,25.7,32.6,23.8
2015/10,63.5,25.5,28.3,23.3,32.0,20.0
2015/11,95.0,23.8,26.5,21.6,29.8,16.6
2015/12,73.0,20.1,22.5,17.9,26.9,14.0
2016/1,272.5,17.4,19.9,14.9,26.6,6.1
2016/2,157.5,16.9,19.4,14.4,25.9,9.8
2016/3,168.5,18.7,21.4,16.4,24.8,11.4
2016/4,350.5,23.0,25.7,20.9,28.7,16.0
2016/5,129.5,25.7,28.5,23.6,31.1,19.2
2016/6,319.5,28.4,31.0,26.4,33.1,23.3
2016/7,193.0,29.8,32.6,27.6,33.6,25.4
2016/8,209.0,29.5,32.3,27.3,33.9,24.7
2016/9,342.0,28.4,31.1,26.4,32.8,24.9
2016/10,75.5,27.7,30.1,25.9,31.7,23.5
2016/11,103.0,23.2,26.1,20.7,29.9,17.9
2016/12,47.5,20.5,23.1,18.5,28.2,14.9
2017/1,92.5,18.4,21.0,16.4,25.0,12.3
2017/2,84.0,17.1,19.7,14.7,24.3,10.7
2017/3,96.5,18.3,20.9,15.9,25.0,11.8
2017/4,67.0,21.6,24.5,19.4,27.1,14.8
2017/5,315.5,24.2,26.9,22.1,29.7,18.7
2017/6,444.5,26.6,29.0,24.7,33.2,19.9
2017/7,44.0,29.9,33.3,27.6,35.1,24.9
2017/8,56.5,30.4,33.6,28.3,34.9,26.4
2017/9,239.5,28.9,31.7,26.6,33.9,23.0
2017/10,270.0,27.0,29.7,25.0,33.0,20.0
2017/11,146.5,22.8,25.3,20.8,27.9,15.9
2017/12,50.5,18.0,20.4,15.9,25.5,13.1
2018/1,150.5,17.2,19.6,15.0,24.1,9.3
2018/2,84.0,16.9,19.6,14.4,24.7,9.6
2018/3,100.5,19.9,22.8,17.3,27.4,12.8
2018/4,126.0,21.6,24.9,19.1,28.4,13.2
2018/5,33.0,25.6,28.9,23.4,31.6,16.7
2018/6,218.5,27.8,30.5,25.8,32.9,23.2
2018/7,429.0,28.3,30.8,26.5,33.1,24.5
2018/8,310.0,28.5,31.2,26.4,32.4,24.2
2018/9,334.5,28.4,31.1,26.4,32.5,24.8
2018/10,375.0,23.9,26.4,21.9,28.3,18.8
2018/11,160.5,23.1,25.7,21.1,27.6,18.9
2018/12,148.0,20.4,22.8,18.4,29.4,13.2
2019/1,55.0,18.1,20.7,15.8,24.9,12.0
2019/2,156.5,20.0,22.7,17.7,26.3,12.2
2019/3,183.5,19.9,22.4,17.5,27.0,14.6
2019/4,128.0,22.3,24.9,20.2,29.1,14.5
2019/5,208.5,24.2,27.0,21.9,30.3,17.8
2019/6,595.5,26.5,29.0,24.4,32.6,19.7
2019/7,284.0,28.9,31.5,26.8,33.9,24.1
2019/8,208.0,29.2,31.8,27.3,33.3,24.9
2019/9,477.5,28.0,30.7,26.1,33.4,23.2
2019/10,104.5,26.0,28.6,24.2,31.8,21.1
2019/11,136.0,23.1,25.6,21.0,28.7,17.9
2019/12,100.5,20.0,22.6,17.8,27.5,14.9
2020/1,24.0,18.7,21.4,16.3,27.0,12.5
2020/2,9.5,18.7,21.9,16.1,26.7,11.8
2020/3,202.5,20.1,22.9,17.5,26.2,13.2
2020/4,68.0,19.8,22.5,17.5,27.3,15.4
2020/5,545.0,24.8,27.6,22.6,30.7,18.2
2020/6,334.5,28.1,30.8,26.1,32.3,22.4
2020/7,281.0,29.3,32.1,26.9,34.1,24.1
2020/8,370.0,29.4,32.2,27.3,34.7,24.4
2020/9,176.5,27.7,30.3,25.7,33.1,22.5
2020/10,203.0,25.8,28.6,23.8,31.1,19.5
2020/11,34.0,23.4,25.8,21.7,29.8,18.6
2020/12,233.0,19.2,21.3,17.2,25.9,10.6
